year,type,number,user,item,date,displayDate
2025,nitro,15,@.yubyeol.,Nitro,2025-11-06T20:55:00,2025-11-06 20:55
2025,nitro,5,@_akarat_system_,Nitro,2025-02-03T08:54:00,2025-02-03 08:54
2025,banner,6,@hfc_ch6r1x,배너,2025-02-22T20:25:00,2025-02-22 20:25
2025,etc,7,@j.ehyun,기타,2025-03-06T23:00:00,2025-03-06 23:00
2025,nitro,8,@y0u_______,Nitro,2025-03-08T14:00:00,2025-03-08 14:00
2025,nitro,9,@00_sugar,Nitro,2025-03-09T00:00:00,2025-03-09 00:00
2025,nitro,10,@ryden9_,Nitro,2025-03-20T17:50:00,2025-03-20 17:50
2025,etc,11,@loveforsy,기타,2025-03-24T20:07:00,2025-03-24 20:07
2025,nitro,12,@lunainfox,Nitro,2025-03-30T23:54:00,2025-03-30 23:54
2025,banner,13,@hfc_ch6r1x,배너,2025-05-13T17:13:00,2025-05-13 17:13
2025,nitro,14,@turin_offcial,Nitro,2025-07-24T16:38:00,2025-07-24 16:38
2024,nitro,2,@lilillililllllll,Nitro,2024-02-08T15:10:00,2024-02-08 15:10
2024,nitro,3,@00_sugar,Nitro,2024-09-01T21:37:00,2024-09-01 21:37
2024,nitro,4,@srt_jun,Nitro,2024-10-04T22:24:00,2024-10-04 22:24
2023,nitro,1,@m_.rr,Nitro,2023-11-21T21:04:00,2023-11-21 21:04
